id,Mensagem
1,"É fundamental que você identifique claramente seus objetivos financeiros. Isso pode incluir aposentadoria, compra de uma casa, educação dos filhos, ou qualquer outro objetivo financeiro que você tenha em mente.',"
2," Vamos avaliar seu perfil de risco. Isso envolve entender o quanto de risco você está disposto a aceitar. Em uma escala de conservador a agressivo, onde você se encaixa?',"
3," Com base em seu perfil de risco, recomendo uma estratégia de diversificação. Isso significa distribuir seus investimentos em diferentes classes de ativos, como ações, títulos e possivelmente imóveis, para reduzir riscos.',"
4," Com base na sua tolerância ao risco e objetivos financeiros, posso sugerir investimentos específicos. Isso pode incluir ações de empresas sólidas, fundos mútuos, títulos de alta qualidade ou outros ativos que se adequem ao seu perfil.',"
5," Lembre-se de que é essencial acompanhar regularmente o desempenho de seus investimentos. Faça ajustes conforme necessário para manter sua carteira alinhada com seus objetivos.',"
6," Se você tiver alguma dúvida sobre conceitos financeiros, como juros compostos, inflação ou taxas de administração, estou aqui para esclarecer e fornecer informações adicionais.',"
7," Considere estratégias para otimização fiscal, como investir em veículos isentos de impostos ou aproveitar contas de aposentadoria para minimizar sua carga tributária.',"
8," Automatizar suas contribuições e reinvestir dividendos pode ser uma maneira eficaz de manter seu portfólio crescente ao longo do tempo.',"
9," Se a aposentadoria é um objetivo importante, vamos discutir como construir um portfólio específico para essa finalidade e estabelecer metas de economia adequadas.',"
10," Lembre-se de que todos os investimentos carregam riscos, e é importante manter um horizonte de investimento de longo prazo para superar flutuações de curto prazo.',"
11," Recomendo que você reveja regularmente sua estratégia de investimento, especialmente quando ocorrem mudanças em sua vida financeira ou em seus objetivos.'"
