UserID,Name,Account_number,Agency,Limit,Card,Card_limit
4,Pablo,00001-1,1,1000,**** **** **** 1111,1000
5,Maria,00002-2,2,1000,**** **** **** 2222,1000
6,Patricio,00002-3,3,1000,**** **** **** 3333,1000
7,Josue,00001-2,4,1000,**** **** **** 4444,1000
8,Pamela,00002-4,5,1000,**** **** **** 5555,1000
9,Karla,00002-5,6,1000,**** **** **** 6666,1000
4342,Jonas Burgo,00001-3,7,1000,**** **** **** 7777,1000
4343,Jhoanes Burgo ,00002-7,8,1000,**** **** **** 8888,1000
4344,Lohanes Tinna ,00002-8,9,1000,**** **** **** 9999,1000
